{
  "project_info": {
    "project_number": "859801493269",
    "project_id": "the-movizz",
    "storage_bucket": "the-movizz.appspot.com"
  },
  "client": [
    {
      "client_info": {
        "mobilesdk_app_id": "1:859801493269:android:5ab6a937d2dcc34d59d31c",
        "android_client_info": {
          "package_name": "com.example.themovizz"
        }
      },
      "oauth_client": [],
      "api_key": [
        {
          "current_key": "AIzaSyBStX67vpBOFchnmq4FbooT7EKL0eH0-DM"
        }
      ],
      "services": {
        "appinvite_service": {
          "other_platform_oauth_client": []
        }
      }
    }
  ],
  "configuration_version": "1"
}